/*
SQLyog Ultimate v12.09 (64 bit)
MySQL - 5.5.33-log : Database - car_monitor
*********************************************************************
*/

/*!40101 SET NAMES utf8 */;

/*!40101 SET SQL_MODE=''*/;

/*!40014 SET @OLD_UNIQUE_CHECKS=@@UNIQUE_CHECKS, UNIQUE_CHECKS=0 */;
/*!40014 SET @OLD_FOREIGN_KEY_CHECKS=@@FOREIGN_KEY_CHECKS, FOREIGN_KEY_CHECKS=0 */;
/*!40101 SET @OLD_SQL_MODE=@@SQL_MODE, SQL_MODE='NO_AUTO_VALUE_ON_ZERO' */;
/*!40111 SET @OLD_SQL_NOTES=@@SQL_NOTES, SQL_NOTES=0 */;
CREATE DATABASE /*!32312 IF NOT EXISTS*/`car_monitor` /*!40100 DEFAULT CHARACTER SET utf8 */;

USE `car_monitor`;

/*Table structure for table `alarm` */

DROP TABLE IF EXISTS `alarm`;

CREATE TABLE `alarm` (
  `id` int(11) NOT NULL,
  `name` varchar(255) NOT NULL COMMENT '报警名称',
  `type` int(11) DEFAULT NULL COMMENT '报警类型',
  `time` datetime DEFAULT NULL COMMENT '报警GPS时间',
  `lat` double DEFAULT NULL COMMENT '经度',
  `lan` double DEFAULT NULL COMMENT '纬度',
  `terminal_id` varchar(45) DEFAULT NULL COMMENT '报警终端sn号码',
  `describe` varchar(512) DEFAULT NULL COMMENT '描述',
  PRIMARY KEY (`id`)
) ENGINE=InnoDB DEFAULT CHARSET=utf8;

/*Data for the table `alarm` */

/*Table structure for table `circle` */

DROP TABLE IF EXISTS `circle`;

CREATE TABLE `circle` (
  `id` int(11) NOT NULL AUTO_INCREMENT,
  `trap_id` int(11) DEFAULT NULL COMMENT '电子围栏id',
  `lng` double DEFAULT NULL COMMENT '经度',
  `lat` double DEFAULT NULL COMMENT '纬度',
  `radius` float DEFAULT NULL COMMENT '半径',
  PRIMARY KEY (`id`)
) ENGINE=InnoDB AUTO_INCREMENT=6 DEFAULT CHARSET=utf8;

/*Data for the table `circle` */

insert  into `circle`(`id`,`trap_id`,`lng`,`lat`,`radius`) values (1,1,101.446998,35.668495,227891),(2,5,107.738873,39.016612,117063),(3,6,94.272052,39.045312,203280),(4,8,120.21224,44.979338,423687),(5,10,115.500664,38.870802,440.033);

/*Table structure for table `class` */

DROP TABLE IF EXISTS `class`;

CREATE TABLE `class` (
  `id` int(11) NOT NULL COMMENT '班id',
  `name` varchar(255) NOT NULL COMMENT '班名称',
  `company_id` int(11) DEFAULT NULL COMMENT '公司Id',
  `department_id` int(11) DEFAULT NULL COMMENT '部门id',
  PRIMARY KEY (`id`)
) ENGINE=InnoDB DEFAULT CHARSET=utf8;

/*Data for the table `class` */

/*Table structure for table `company` */

DROP TABLE IF EXISTS `company`;

CREATE TABLE `company` (
  `id` int(11) NOT NULL,
  `name` varchar(255) NOT NULL,
  `address` varchar(255) DEFAULT NULL,
  `phone` varchar(45) DEFAULT NULL,
  `contact_person` varchar(45) DEFAULT NULL,
  PRIMARY KEY (`id`)
) ENGINE=InnoDB DEFAULT CHARSET=utf8;

/*Data for the table `company` */

/*Table structure for table `dbpooltest` */

DROP TABLE IF EXISTS `dbpooltest`;

CREATE TABLE `dbpooltest` (
  `a` char(1) DEFAULT NULL
) ENGINE=InnoDB DEFAULT CHARSET=utf8;

/*Data for the table `dbpooltest` */

/*Table structure for table `department` */

DROP TABLE IF EXISTS `department`;

CREATE TABLE `department` (
  `id` int(11) NOT NULL,
  `name` varchar(255) NOT NULL,
  `response_person` varchar(45) DEFAULT NULL,
  `mobile` varchar(45) DEFAULT NULL,
  `company_id` int(11) DEFAULT NULL,
  PRIMARY KEY (`id`)
) ENGINE=InnoDB DEFAULT CHARSET=utf8;

/*Data for the table `department` */

/*Table structure for table `equipment` */

DROP TABLE IF EXISTS `equipment`;

CREATE TABLE `equipment` (
  `id` int(11) NOT NULL AUTO_INCREMENT,
  `type` smallint(6) DEFAULT NULL COMMENT '终端类型',
  `model` varchar(255) DEFAULT NULL COMMENT '设备型号',
  `sn` varchar(45) DEFAULT NULL COMMENT '终端编号',
  `sim` varchar(45) DEFAULT NULL COMMENT 'sim卡',
  `peopel_id` int(11) DEFAULT NULL COMMENT '人员Id',
  `in_date` datetime DEFAULT NULL COMMENT 'sim卡开通时间',
  `end_date` date DEFAULT NULL COMMENT 'sim截止时间',
  `status` int(2) DEFAULT NULL COMMENT '状态（0：在线；1：离线）',
  `open_date` date DEFAULT NULL COMMENT 'SIM卡开通时间',
  PRIMARY KEY (`id`)
) ENGINE=InnoDB AUTO_INCREMENT=22 DEFAULT CHARSET=utf8;

/*Data for the table `equipment` */

insert  into `equipment`(`id`,`type`,`model`,`sn`,`sim`,`peopel_id`,`in_date`,`end_date`,`status`,`open_date`) values (17,1,'11011','353456789012345','1354444444',NULL,'2017-10-23 15:23:40','2017-10-27',1,'2017-10-02'),(18,1,'SQWQ','QWEQWEQ','13222222222',NULL,'2017-10-23 15:43:56','2017-11-02',1,'2017-10-01'),(19,1,'3123','20171025','13222222222',NULL,'2017-10-23 16:00:46','2017-10-18',1,'2017-10-08'),(20,1,'fdfd','201508071002001','157777777777',NULL,'2017-10-23 16:11:38','2017-10-18',1,'2017-10-08'),(21,2,'W2333','20155555555','13344445556',NULL,'2017-10-25 20:45:03','2017-10-12',1,'2017-10-01');

/*Table structure for table `equipment_assign` */

DROP TABLE IF EXISTS `equipment_assign`;

CREATE TABLE `equipment_assign` (
  `id` int(11) NOT NULL AUTO_INCREMENT,
  `people_id` int(11) NOT NULL COMMENT '人员Id',
  `terminal_id` int(11) DEFAULT NULL COMMENT '终端id',
  PRIMARY KEY (`id`)
) ENGINE=InnoDB AUTO_INCREMENT=25 DEFAULT CHARSET=utf8;

/*Data for the table `equipment_assign` */

insert  into `equipment_assign`(`id`,`people_id`,`terminal_id`) values (17,35,19),(23,41,20),(24,43,18);

/*Table structure for table `gjhf` */

DROP TABLE IF EXISTS `gjhf`;

CREATE TABLE `gjhf` (
  `id` int(11) NOT NULL AUTO_INCREMENT,
  `simh` varchar(255) NOT NULL COMMENT '终端sn号码',
  `lat` double DEFAULT NULL COMMENT '经度',
  `lan` double DEFAULT NULL COMMENT '纬度',
  `speed` float DEFAULT NULL COMMENT '速度',
  `high` float DEFAULT NULL COMMENT '高度',
  `gpst` datetime DEFAULT NULL COMMENT '设备GPS时间',
  `rqsj` datetime DEFAULT NULL COMMENT '系统时间',
  `direction` float DEFAULT NULL COMMENT '方向',
  `clzt` int(11) DEFAULT NULL COMMENT '状态',
  `plate_number` varchar(32) DEFAULT NULL,
  `org_id` varchar(16) DEFAULT NULL,
  `car_id` varchar(16) DEFAULT NULL,
  `electric` varchar(255) DEFAULT NULL,
  PRIMARY KEY (`id`)
) ENGINE=InnoDB AUTO_INCREMENT=37 DEFAULT CHARSET=utf8;

/*Data for the table `gjhf` */

insert  into `gjhf`(`id`,`simh`,`lat`,`lan`,`speed`,`high`,`gpst`,`rqsj`,`direction`,`clzt`,`plate_number`,`org_id`,`car_id`,`electric`) values (1,'353456789012345',2232.9806,11404.9355,0.0001,0,'2008-05-24 06:18:30','2017-10-24 16:32:57',323.87,NULL,NULL,NULL,NULL,NULL),(2,'null',2232.9806,11404.9355,0.0001,0,'2008-05-24 06:18:30','2017-10-25 09:38:55',323.87,NULL,NULL,NULL,NULL,NULL),(3,'null',2232.9806,11404.9355,0.0001,0,'2008-05-24 06:18:30','2017-10-25 10:12:44',323.87,NULL,NULL,NULL,NULL,NULL),(4,'201508071002001',2234.2229,11351.4511,0.0007,0,'2017-10-25 03:00:42','2017-10-25 11:00:53',0,NULL,NULL,NULL,NULL,NULL),(5,'201508071002001',2234.2441,11351.465,0.0001,0,'2017-10-25 03:11:07','2017-10-25 11:11:16',0,NULL,NULL,NULL,NULL,NULL),(6,'201508071002001',2234.2185,11351.4616,0,0,'2017-10-25 04:21:13','2017-10-25 12:21:24',0,NULL,NULL,NULL,NULL,NULL),(7,'353456789012345',22.549676666666667,114.08225833333333,0.0001,0,'2008-05-24 06:18:30','2017-10-25 13:26:40',323.87,NULL,NULL,NULL,NULL,NULL),(8,'353456789012345',22.549676666666667,114.08225833333333,0.0001,0,'2008-05-24 06:18:30','2017-10-25 13:33:24',323.87,NULL,NULL,NULL,NULL,NULL),(9,'353456789012345',22.549677,114.082259,0.0001,0,'2008-05-24 06:18:30','2017-10-25 13:40:59',323.87,NULL,NULL,NULL,NULL,NULL),(10,'201508071002001',22.570341,113.857721,0,0,'2017-10-25 06:01:25','2017-10-25 14:01:31',0,NULL,NULL,NULL,NULL,NULL),(11,'201508071002001',22.570194,113.857677,0.0002,0,'2017-10-25 06:11:24','2017-10-25 14:11:32',0,NULL,NULL,NULL,NULL,NULL),(12,'353456789054321',22.549677,114.082259,0.0001,0,'2008-05-24 06:18:30','2017-11-27 11:10:55',323.87,NULL,NULL,NULL,NULL,'080'),(13,'353456789054321',22.549677,114.082259,0.0001,0,'2008-05-24 06:18:30','2017-11-27 11:15:54',323.87,NULL,NULL,NULL,NULL,'080'),(14,'353456789054321',22.549677,114.082259,0.0001,0,'2008-05-24 06:18:30','2017-11-27 11:20:13',323.87,NULL,NULL,NULL,NULL,'080'),(15,'353456789054321',22.549677,115.082259,0.0001,0,'2008-05-24 06:18:30','2017-11-27 11:38:37',323.87,NULL,NULL,NULL,NULL,'080'),(16,'868020170825210',39.960919,116.459642,0.001,0,'2017-11-27 10:05:35','2017-11-27 18:21:34',0,NULL,NULL,NULL,NULL,'099'),(17,'868020170825210',39.960085,116.45499,0.0142,0,'2017-11-27 10:25:37','2017-11-27 18:26:09',276.39,NULL,NULL,NULL,NULL,'099'),(18,'868020170825314',39.945465,116.432496,0.0154,0,'2017-11-27 10:38:51','2017-11-27 18:39:29',255.73,NULL,NULL,NULL,NULL,'099'),(19,'868020170825210',39.933687,116.427365,0.0154,0,'2017-11-27 10:45:35','2017-11-27 18:46:13',177.03,NULL,NULL,NULL,NULL,'099'),(20,'868020170825314',39.93252,116.419939,0.0001,0,'2017-11-27 10:48:54','2017-11-27 18:49:31',0,NULL,NULL,NULL,NULL,'099'),(21,'868020170825210',39.931999,116.404315,0.0036,0,'2017-11-27 10:55:10','2017-11-27 18:55:46',0,NULL,NULL,NULL,NULL,'099'),(22,'868020170825314',39.930832,116.402352,0.0021,0,'2017-11-27 10:58:58','2017-11-27 18:59:37',0,NULL,NULL,NULL,NULL,'099'),(23,'868020170825210',39.931061,116.402862,0.0009,0,'2017-11-27 11:05:24','2017-11-27 19:05:56',0,NULL,NULL,NULL,NULL,'099'),(24,'868020170825314',39.93082,116.402141,0.0001,0,'2017-11-27 11:09:07','2017-11-27 19:09:36',0,NULL,NULL,NULL,NULL,'099'),(25,'868020170825314',39.931099,116.40289,0.0018,0,'2017-11-27 11:59:45','2017-11-27 20:00:25',0,NULL,NULL,NULL,NULL,'099'),(26,'868020170825210',39.931225,116.402236,0.0002,0,'2017-11-27 00:05:09','2017-11-27 20:06:18',0,NULL,NULL,NULL,NULL,'099'),(27,'868020170825314',39.930987,116.402485,0.0005,0,'2017-11-27 00:09:08','2017-11-27 20:09:38',0,NULL,NULL,NULL,NULL,'099'),(28,'868020170825210',39.931146,116.402565,0.0009,0,'2017-11-27 00:15:23','2017-11-27 20:15:52',0,NULL,NULL,NULL,NULL,'099'),(29,'868020170825314',39.93094,116.402567,0.0005,0,'2017-11-27 00:19:18','2017-11-27 20:19:47',0,NULL,NULL,NULL,NULL,'099'),(30,'868020170825210',39.930897,116.402612,0.0019,0,'2017-11-27 00:25:46','2017-11-27 20:26:18',0,NULL,NULL,NULL,NULL,'099'),(31,'868020170825210',39.93008,116.403226,0.0043,0,'2017-11-27 00:35:17','2017-11-27 20:35:53',195.86,NULL,NULL,NULL,NULL,'099'),(32,'868020170825314',39.929417,116.402012,0.0034,0,'2017-11-27 00:40:21','2017-11-27 20:40:51',0,NULL,NULL,NULL,NULL,'099'),(33,'868020170825210',39.929437,116.40194,0.0059,0,'2017-11-27 00:45:19','2017-11-27 20:45:56',20.83,NULL,NULL,NULL,NULL,'099'),(34,'868020170825314',39.930125,116.402446,0.0093,0,'2017-11-27 00:49:12','2017-11-27 20:49:50',31.05,NULL,NULL,NULL,NULL,'099'),(35,'868020170825289',39.960607,116.459542,0.0015,0,'2017-11-27 16:00:47','2017-11-28 00:01:16',0,NULL,NULL,NULL,NULL,'033'),(36,'868020170825289',39.960454,116.459464,0.0006,0,'2017-11-28 05:11:22','2017-11-28 13:11:50',0,NULL,NULL,NULL,NULL,'000');

/*Table structure for table `people` */

DROP TABLE IF EXISTS `people`;

CREATE TABLE `people` (
  `id` int(11) NOT NULL AUTO_INCREMENT,
  `name` varchar(30) DEFAULT NULL COMMENT '姓名',
  `position` varchar(45) DEFAULT NULL COMMENT '职位',
  `mobile` varchar(45) DEFAULT NULL COMMENT '手机',
  `relative_name` varchar(45) DEFAULT NULL COMMENT '家属姓名',
  `relative_mobile` varchar(45) DEFAULT NULL COMMENT '家属手机号',
  `class_id` int(11) DEFAULT NULL COMMENT '班号',
  `department_id` int(11) DEFAULT NULL COMMENT '部门号',
  `company_id` int(11) DEFAULT NULL COMMENT '公司序号',
  `equipment_id` int(11) DEFAULT NULL,
  `sex` varchar(2) DEFAULT NULL COMMENT '性别',
  `photo_img` varchar(100) DEFAULT NULL,
  PRIMARY KEY (`id`)
) ENGINE=InnoDB AUTO_INCREMENT=44 DEFAULT CHARSET=utf8;

/*Data for the table `people` */

insert  into `people`(`id`,`name`,`position`,`mobile`,`relative_name`,`relative_mobile`,`class_id`,`department_id`,`company_id`,`equipment_id`,`sex`,`photo_img`) values (35,'张柳','运维','13311111111','张四','13222222222',NULL,0,NULL,NULL,'0','0443a742-4e42-492a-bf0b-7c8c6dabc9ab.jpg'),(41,'张四','运维','18545454874','刘永生','15847474747',NULL,1,NULL,NULL,'1','f379044a-ad82-48d7-b6e6-284a6e0eb52b.jpg'),(43,'张三','工程员','15656565656','张四','15858585858',NULL,1,NULL,NULL,'1','8779a18f-34f2-4cda-875e-f5249382a219.jpeg');

/*Table structure for table `people_group` */

DROP TABLE IF EXISTS `people_group`;

CREATE TABLE `people_group` (
  `id` int(11) NOT NULL,
  `group_id` int(11) NOT NULL,
  `people_id` varchar(45) DEFAULT NULL,
  PRIMARY KEY (`id`)
) ENGINE=InnoDB DEFAULT CHARSET=utf8;

/*Data for the table `people_group` */

/*Table structure for table `pos_new` */

DROP TABLE IF EXISTS `pos_new`;

CREATE TABLE `pos_new` (
  `id` bigint(20) NOT NULL AUTO_INCREMENT,
  `SIMH` varchar(15) NOT NULL,
  `DWJD` double DEFAULT NULL,
  `DWWD` double DEFAULT NULL,
  `CLZT` varchar(8) DEFAULT NULL,
  `CLSD` float DEFAULT NULL,
  `CLFX` float DEFAULT NULL,
  `GPST` datetime DEFAULT NULL,
  `RQSJ` datetime DEFAULT NULL,
  `org_id` varchar(32) CHARACTER SET latin1 DEFAULT NULL,
  `car_id` varchar(32) CHARACTER SET latin1 DEFAULT '-1',
  `plate_number` varchar(16) DEFAULT NULL,
  `temperature` float DEFAULT NULL,
  `electric` varchar(255) DEFAULT NULL,
  PRIMARY KEY (`id`)
) ENGINE=MyISAM AUTO_INCREMENT=202 DEFAULT CHARSET=utf8;

/*Data for the table `pos_new` */

insert  into `pos_new`(`id`,`SIMH`,`DWJD`,`DWWD`,`CLZT`,`CLSD`,`CLFX`,`GPST`,`RQSJ`,`org_id`,`car_id`,`plate_number`,`temperature`,`electric`) values (195,'353456789012345',114.082259,22.549677,NULL,0.0001,323.87,'2008-05-24 06:18:30','2017-10-25 13:41:00',NULL,NULL,NULL,NULL,NULL),(196,'20171025',114.537762730539,36.7509396164417,NULL,0.0001,323.87,'2008-05-24 06:18:30','2017-10-25 10:12:44',NULL,NULL,NULL,NULL,NULL),(197,'201508071002001',113.857677,30.570194,NULL,0.0002,0,'2017-10-25 06:11:24','2017-10-25 14:11:32',NULL,NULL,NULL,NULL,NULL),(198,'353456789054321',115.082259,22.549677,NULL,0.0001,323.87,'2008-05-24 06:18:30','2017-10-25 08:37:59',NULL,NULL,NULL,NULL,'080'),(199,'868020170825210',116.40194,39.929437,NULL,0.0059,20.83,'2017-11-27 00:45:19','2017-10-25 17:45:17',NULL,NULL,NULL,NULL,'099'),(200,'868020170825314',116.402446,39.930125,NULL,0.0093,31.05,'2017-11-27 00:49:12','2017-10-25 17:49:11',NULL,NULL,NULL,NULL,'099'),(201,'868020170825289',116.459464,39.960454,NULL,0.0006,0,'2017-11-28 05:11:22','2017-10-26 10:11:10',NULL,NULL,NULL,NULL,'000');

/*Table structure for table `rectangle` */

DROP TABLE IF EXISTS `rectangle`;

CREATE TABLE `rectangle` (
  `id` int(11) NOT NULL AUTO_INCREMENT,
  `trap_id` int(11) DEFAULT NULL COMMENT '电子围栏Id',
  `left_top_lng` double DEFAULT NULL COMMENT '左上角经度',
  `left_top_lat` double DEFAULT NULL COMMENT '左上角纬度',
  `right_top_lng` double DEFAULT NULL COMMENT '右上角经度',
  `right_top_lat` double DEFAULT NULL COMMENT '右上角纬度',
  `left_bottom_lng` double DEFAULT NULL COMMENT '左下角经度',
  `left_botton_lat` double DEFAULT NULL COMMENT '左下角纬度',
  `right_bottom_lng` double DEFAULT NULL COMMENT '右下角经度',
  `right_bottom_lat` double DEFAULT NULL COMMENT '右下角纬度',
  PRIMARY KEY (`id`)
) ENGINE=InnoDB AUTO_INCREMENT=9 DEFAULT CHARSET=utf8;

/*Data for the table `rectangle` */

insert  into `rectangle`(`id`,`trap_id`,`left_top_lng`,`left_top_lat`,`right_top_lng`,`right_top_lat`,`left_bottom_lng`,`left_botton_lat`,`right_bottom_lng`,`right_bottom_lat`) values (8,13,116.716754,37.997456,117.264074,37.997456,116.716754,37.581339,117.264074,37.581339);

/*Table structure for table `route` */

DROP TABLE IF EXISTS `route`;

CREATE TABLE `route` (
  `id` int(11) NOT NULL AUTO_INCREMENT,
  `name` varchar(128) NOT NULL COMMENT '路线名称',
  `route_desc` varchar(256) DEFAULT NULL COMMENT '描述',
  `start_time` datetime DEFAULT NULL,
  `end_time` datetime DEFAULT NULL,
  `status` tinyint(4) DEFAULT NULL COMMENT '是否线路已经巡检完成：0未完成，1已完成',
  `group_id` int(11) DEFAULT NULL COMMENT '多个人同时巡查一条路线，所以路线和人员组Id想关联',
  `distence` float DEFAULT NULL COMMENT '路线长度',
  `voltage_level` varchar(10) DEFAULT NULL COMMENT '电压等级',
  `type` varchar(2) DEFAULT NULL COMMENT '带电状态，0：不带电。1：带电',
  `tower_count` int(9) DEFAULT NULL COMMENT '杆塔数量',
  `person_id` int(11) DEFAULT NULL,
  PRIMARY KEY (`id`)
) ENGINE=InnoDB AUTO_INCREMENT=45 DEFAULT CHARSET=utf8 KEY_BLOCK_SIZE=1;

/*Data for the table `route` */

insert  into `route`(`id`,`name`,`route_desc`,`start_time`,`end_time`,`status`,`group_id`,`distence`,`voltage_level`,`type`,`tower_count`,`person_id`) values (25,'10kV渭南','10kV渭南输电线路','2017-10-02 00:00:00','2017-10-13 00:00:00',NULL,NULL,12,'0','0',NULL,NULL),(26,'500kV清涧','500kV清涧输电线路','2017-10-03 00:00:00','2017-10-06 00:00:00',NULL,NULL,55,'3','0',NULL,NULL),(27,'10kV延川','10kV延川输电线路','2017-10-02 00:00:00','2017-10-04 00:00:00',NULL,NULL,36,'0','0',NULL,NULL),(33,'10kV铜川','10kV铜川输电线路','2017-10-09 00:00:00','2017-10-19 00:00:00',NULL,NULL,45,'0','0',NULL,NULL),(39,'10kV咸阳','10kV咸阳输电线路','2017-10-01 00:00:00','2017-10-10 00:00:00',NULL,NULL,12,'0','0',NULL,NULL),(42,'220kV延安','220kV延安输电线路',NULL,NULL,NULL,NULL,35,'2','1',NULL,NULL),(43,'500kV西安','500kV西安输电线路',NULL,NULL,NULL,NULL,25,'3','1',NULL,NULL),(44,'220kV榆林','220kV榆林输电线路',NULL,NULL,NULL,NULL,45,'2','1',NULL,NULL);

/*Table structure for table `route_detail` */

DROP TABLE IF EXISTS `route_detail`;

CREATE TABLE `route_detail` (
  `id` int(11) NOT NULL,
  `route_id` int(11) NOT NULL COMMENT '巡检路线id',
  `tower_id` int(11) DEFAULT NULL COMMENT '杆塔id',
  `seq` int(11) DEFAULT NULL COMMENT '序号，暂时不用',
  `reach_time` datetime DEFAULT NULL COMMENT '人员到达杆塔时间',
  `reach_status` int(11) DEFAULT NULL COMMENT '人员到达杆塔状态：0未到达，1到达',
  PRIMARY KEY (`id`)
) ENGINE=InnoDB DEFAULT CHARSET=utf8;

/*Data for the table `route_detail` */

/*Table structure for table `route_detail_old` */

DROP TABLE IF EXISTS `route_detail_old`;

CREATE TABLE `route_detail_old` (
  `id` int(11) NOT NULL,
  `route_id` int(11) NOT NULL,
  `tower_id` int(11) DEFAULT NULL,
  `seq` int(11) DEFAULT NULL,
  `reach_time` datetime DEFAULT NULL,
  `reach_status` int(11) DEFAULT NULL,
  PRIMARY KEY (`id`)
) ENGINE=InnoDB DEFAULT CHARSET=utf8;

/*Data for the table `route_detail_old` */

/*Table structure for table `route_old` */

DROP TABLE IF EXISTS `route_old`;

CREATE TABLE `route_old` (
  `id` int(11) NOT NULL,
  `name` varchar(128) NOT NULL,
  `describe` varchar(256) DEFAULT NULL,
  `start_time` datetime DEFAULT NULL,
  `end_time` datetime DEFAULT NULL,
  `status` varchar(45) DEFAULT NULL,
  PRIMARY KEY (`id`)
) ENGINE=InnoDB DEFAULT CHARSET=utf8;

/*Data for the table `route_old` */

/*Table structure for table `route_relation` */

DROP TABLE IF EXISTS `route_relation`;

CREATE TABLE `route_relation` (
  `id` int(11) NOT NULL AUTO_INCREMENT COMMENT '主键',
  `tower_id` int(11) DEFAULT NULL COMMENT '塔杆ID',
  `people_id` int(11) DEFAULT NULL COMMENT '人员ID',
  `route_id` int(11) DEFAULT NULL COMMENT '线路ID',
  `reach_date` datetime DEFAULT NULL COMMENT '抵达时间',
  `eq_num` varchar(45) DEFAULT NULL COMMENT '终端编号',
  PRIMARY KEY (`id`)
) ENGINE=InnoDB AUTO_INCREMENT=1462 DEFAULT CHARSET=utf8;

/*Data for the table `route_relation` */

insert  into `route_relation`(`id`,`tower_id`,`people_id`,`route_id`,`reach_date`,`eq_num`) values (1261,1,NULL,44,NULL,NULL),(1262,2,NULL,44,NULL,NULL),(1263,3,NULL,44,NULL,NULL),(1264,4,NULL,44,NULL,NULL),(1265,5,NULL,44,NULL,NULL),(1266,6,NULL,44,NULL,NULL),(1267,7,NULL,44,NULL,NULL),(1268,8,NULL,44,NULL,NULL),(1269,9,NULL,44,NULL,NULL),(1270,10,NULL,44,NULL,NULL),(1271,11,NULL,44,NULL,NULL),(1272,12,NULL,44,NULL,NULL),(1273,13,NULL,44,NULL,NULL),(1274,14,NULL,44,NULL,NULL),(1275,15,NULL,44,NULL,NULL),(1276,16,NULL,44,NULL,NULL),(1277,17,NULL,44,NULL,NULL),(1278,18,NULL,44,NULL,NULL),(1279,19,NULL,44,NULL,NULL),(1280,20,NULL,44,NULL,NULL),(1281,21,NULL,44,NULL,NULL),(1282,22,NULL,44,NULL,NULL),(1283,23,NULL,44,NULL,NULL),(1284,24,NULL,44,NULL,NULL),(1285,25,NULL,44,NULL,NULL),(1286,26,NULL,44,NULL,NULL),(1287,27,NULL,44,NULL,NULL),(1288,28,NULL,44,NULL,NULL),(1289,29,NULL,44,NULL,NULL),(1290,30,NULL,44,NULL,NULL),(1291,31,NULL,44,NULL,NULL),(1292,32,NULL,44,NULL,NULL),(1293,33,NULL,44,NULL,NULL),(1294,34,NULL,44,NULL,NULL),(1295,35,NULL,44,NULL,NULL),(1296,36,NULL,44,NULL,NULL),(1297,37,NULL,44,NULL,NULL),(1298,38,NULL,44,NULL,NULL),(1299,39,NULL,44,NULL,NULL),(1300,40,NULL,44,NULL,NULL),(1301,41,NULL,44,NULL,NULL),(1302,42,NULL,44,NULL,NULL),(1303,43,NULL,44,NULL,NULL),(1304,44,NULL,44,NULL,NULL),(1305,45,NULL,44,NULL,NULL),(1306,46,NULL,44,NULL,NULL),(1307,47,NULL,44,NULL,NULL),(1308,48,NULL,44,NULL,NULL),(1309,49,NULL,44,NULL,NULL),(1310,50,NULL,44,NULL,NULL),(1311,51,NULL,44,NULL,NULL),(1312,52,NULL,44,NULL,NULL),(1313,53,NULL,44,NULL,NULL),(1314,54,NULL,44,NULL,NULL),(1315,55,NULL,44,NULL,NULL),(1316,56,NULL,44,NULL,NULL),(1317,57,NULL,44,NULL,NULL),(1318,58,NULL,44,NULL,NULL),(1319,59,NULL,44,NULL,NULL),(1320,60,NULL,44,NULL,NULL),(1321,61,NULL,44,NULL,NULL),(1322,62,NULL,44,NULL,NULL),(1323,63,NULL,44,NULL,NULL),(1324,64,NULL,44,NULL,NULL),(1325,65,NULL,44,NULL,NULL),(1326,66,NULL,44,NULL,NULL),(1327,67,NULL,44,NULL,NULL),(1328,68,NULL,44,NULL,NULL),(1329,69,NULL,44,NULL,NULL),(1330,70,NULL,44,NULL,NULL),(1331,71,NULL,44,NULL,NULL),(1332,72,NULL,44,NULL,NULL),(1333,73,NULL,44,NULL,NULL),(1334,74,NULL,44,NULL,NULL),(1335,75,NULL,44,NULL,NULL),(1336,76,NULL,44,NULL,NULL),(1337,77,NULL,44,NULL,NULL),(1338,78,NULL,44,NULL,NULL),(1339,79,NULL,44,NULL,NULL),(1340,80,NULL,44,NULL,NULL),(1341,81,NULL,44,NULL,NULL),(1342,82,NULL,44,NULL,NULL),(1343,83,NULL,44,NULL,NULL),(1344,84,NULL,44,NULL,NULL),(1345,85,NULL,44,NULL,NULL),(1346,86,NULL,44,NULL,NULL),(1347,87,NULL,44,NULL,NULL),(1348,88,NULL,44,NULL,NULL),(1349,89,NULL,44,NULL,NULL),(1350,90,NULL,44,NULL,NULL),(1351,91,NULL,44,NULL,NULL),(1352,92,NULL,44,NULL,NULL),(1353,93,NULL,44,NULL,NULL),(1354,94,NULL,44,NULL,NULL),(1355,95,NULL,44,NULL,NULL),(1356,96,NULL,44,NULL,NULL),(1357,97,NULL,44,NULL,NULL),(1358,98,NULL,44,NULL,NULL),(1359,99,NULL,44,NULL,NULL),(1360,100,NULL,44,NULL,NULL),(1361,101,NULL,44,NULL,NULL),(1362,102,NULL,44,NULL,NULL),(1363,103,NULL,44,NULL,NULL),(1364,104,NULL,44,NULL,NULL),(1365,105,NULL,44,NULL,NULL),(1366,106,NULL,44,NULL,NULL),(1367,107,NULL,44,NULL,NULL),(1368,108,NULL,44,NULL,NULL),(1369,109,NULL,44,NULL,NULL),(1370,110,NULL,44,NULL,NULL),(1371,111,NULL,44,NULL,NULL),(1372,112,NULL,44,NULL,NULL),(1373,113,NULL,44,NULL,NULL),(1374,114,NULL,44,NULL,NULL),(1375,115,NULL,44,NULL,NULL),(1376,116,NULL,44,NULL,NULL),(1377,117,NULL,44,NULL,NULL),(1378,118,NULL,44,NULL,NULL),(1379,119,NULL,44,NULL,NULL),(1380,120,NULL,44,NULL,NULL),(1381,121,NULL,44,NULL,NULL),(1382,122,NULL,44,NULL,NULL),(1383,123,NULL,44,NULL,NULL),(1384,124,NULL,44,NULL,NULL),(1385,125,NULL,44,NULL,NULL),(1386,126,NULL,44,NULL,NULL),(1387,127,NULL,44,NULL,NULL),(1388,128,NULL,44,NULL,NULL),(1389,129,NULL,44,NULL,NULL),(1390,130,NULL,44,NULL,NULL),(1391,131,NULL,44,NULL,NULL),(1392,132,NULL,44,NULL,NULL),(1393,133,NULL,44,NULL,NULL),(1394,134,NULL,44,NULL,NULL),(1395,135,NULL,44,NULL,NULL),(1396,136,NULL,44,NULL,NULL),(1397,137,NULL,44,NULL,NULL),(1398,138,NULL,44,NULL,NULL),(1399,139,NULL,44,NULL,NULL),(1400,140,NULL,44,NULL,NULL),(1401,141,NULL,44,NULL,NULL),(1402,142,NULL,44,NULL,NULL),(1403,143,NULL,44,NULL,NULL),(1404,144,NULL,44,NULL,NULL),(1405,145,NULL,44,NULL,NULL),(1406,146,NULL,44,NULL,NULL),(1407,147,NULL,44,NULL,NULL),(1408,148,NULL,44,NULL,NULL),(1409,149,NULL,44,NULL,NULL),(1410,150,NULL,44,NULL,NULL),(1411,151,NULL,44,NULL,NULL),(1412,152,NULL,44,NULL,NULL),(1413,153,NULL,44,NULL,NULL),(1414,154,NULL,44,NULL,NULL),(1415,155,NULL,44,NULL,NULL),(1416,156,NULL,44,NULL,NULL),(1417,157,NULL,44,NULL,NULL),(1418,158,NULL,44,NULL,NULL),(1419,159,NULL,44,NULL,NULL),(1420,160,NULL,44,NULL,NULL),(1421,161,NULL,44,NULL,NULL),(1422,162,NULL,44,NULL,NULL),(1423,163,NULL,44,NULL,NULL),(1424,164,NULL,44,NULL,NULL),(1425,165,NULL,44,NULL,NULL),(1426,166,NULL,44,NULL,NULL),(1427,167,NULL,44,NULL,NULL),(1428,168,NULL,44,NULL,NULL),(1429,169,NULL,44,NULL,NULL),(1430,170,NULL,44,NULL,NULL),(1431,171,NULL,44,NULL,NULL),(1432,172,NULL,44,NULL,NULL),(1433,173,NULL,44,NULL,NULL),(1434,174,NULL,44,NULL,NULL),(1435,175,NULL,44,NULL,NULL),(1436,176,NULL,44,NULL,NULL),(1437,177,NULL,44,NULL,NULL),(1438,178,NULL,44,NULL,NULL),(1439,179,NULL,44,NULL,NULL),(1440,180,NULL,44,NULL,NULL),(1441,181,NULL,44,NULL,NULL),(1442,182,NULL,44,NULL,NULL),(1443,183,NULL,44,NULL,NULL),(1444,184,NULL,44,NULL,NULL),(1445,7,NULL,42,NULL,NULL),(1446,8,NULL,42,NULL,NULL),(1447,9,NULL,42,NULL,NULL),(1448,10,NULL,42,NULL,NULL),(1449,1,NULL,43,NULL,NULL),(1450,2,NULL,43,NULL,NULL),(1451,11,NULL,43,NULL,NULL),(1452,12,NULL,43,NULL,NULL),(1453,13,NULL,43,NULL,NULL),(1454,14,NULL,43,NULL,NULL),(1455,3,NULL,26,NULL,NULL),(1456,5,NULL,26,NULL,NULL),(1457,3,NULL,27,NULL,NULL),(1458,5,NULL,27,NULL,NULL),(1459,3,NULL,39,NULL,NULL),(1460,3,NULL,33,NULL,NULL),(1461,2,NULL,25,NULL,NULL);

/*Table structure for table `task` */

DROP TABLE IF EXISTS `task`;

CREATE TABLE `task` (
  `id` int(11) NOT NULL AUTO_INCREMENT COMMENT '作业表主键id',
  `name` varchar(100) DEFAULT NULL COMMENT '作业名称，唯一；默认是线路+时间+序号',
  `type` varchar(2) DEFAULT NULL COMMENT '作业类型',
  `begin_time` date DEFAULT NULL COMMENT '开始时间',
  `end_time` date DEFAULT NULL COMMENT '结束时间',
  `month_bgtime` varchar(10) DEFAULT NULL COMMENT '月度作业开始时间：yyyy年mm月',
  `month_edtime` varchar(10) DEFAULT NULL COMMENT '月度作业截止时间：yyyy年mm月',
  `route_id` int(10) DEFAULT NULL COMMENT '线路id',
  PRIMARY KEY (`id`)
) ENGINE=InnoDB AUTO_INCREMENT=12 DEFAULT CHARSET=utf8;

/*Data for the table `task` */

insert  into `task`(`id`,`name`,`type`,`begin_time`,`end_time`,`month_bgtime`,`month_edtime`,`route_id`) values (8,'220kV榆林安全作业','1','2017-12-12','2017-12-21',NULL,NULL,44),(9,'10kV延川日常作业','1','2017-12-21','2017-12-28',NULL,NULL,27),(10,'220kV延安安全作业','0','2017-12-21','2017-12-31',NULL,NULL,42),(11,'500kV西安日常作业','1','2017-12-21','2017-12-26',NULL,NULL,43);

/*Table structure for table `task_people` */

DROP TABLE IF EXISTS `task_people`;

CREATE TABLE `task_people` (
  `id` int(11) NOT NULL AUTO_INCREMENT COMMENT '作业-人员 主键id',
  `task_id` int(11) DEFAULT NULL COMMENT '作业id',
  `people_id` int(11) DEFAULT NULL COMMENT '人员id',
  PRIMARY KEY (`id`)
) ENGINE=InnoDB AUTO_INCREMENT=56 DEFAULT CHARSET=utf8;

/*Data for the table `task_people` */

insert  into `task_people`(`id`,`task_id`,`people_id`) values (47,9,35),(48,9,34),(51,8,35),(52,8,40),(53,11,35),(54,11,41),(55,10,43);

/*Table structure for table `task_tower` */

DROP TABLE IF EXISTS `task_tower`;

CREATE TABLE `task_tower` (
  `id` int(11) NOT NULL AUTO_INCREMENT COMMENT '作业-杆塔 主键id',
  `task_id` int(11) DEFAULT NULL COMMENT '作业id',
  `tower_id` int(11) DEFAULT NULL COMMENT '杆塔id',
  PRIMARY KEY (`id`)
) ENGINE=InnoDB AUTO_INCREMENT=263 DEFAULT CHARSET=utf8;

/*Data for the table `task_tower` */

insert  into `task_tower`(`id`,`task_id`,`tower_id`) values (250,9,3),(251,9,5),(253,8,1),(254,8,2),(255,8,3),(256,11,1),(257,11,2),(258,11,11),(259,11,12),(260,11,13),(261,11,14),(262,10,10);

/*Table structure for table `tower` */

DROP TABLE IF EXISTS `tower`;

CREATE TABLE `tower` (
  `id` int(11) NOT NULL AUTO_INCREMENT COMMENT '杆塔序号',
  `name` varchar(16) NOT NULL COMMENT '杆塔名称',
  `type` smallint(6) DEFAULT NULL COMMENT '杆塔类型',
  `tower_desc` varchar(512) DEFAULT NULL COMMENT '描述',
  `lat` double DEFAULT NULL COMMENT '经度',
  `lan` double DEFAULT NULL COMMENT '纬度',
  `high` float DEFAULT NULL COMMENT '高度',
  `voltege_class` smallint(6) DEFAULT NULL COMMENT '电压级别',
  `people_id` int(11) DEFAULT NULL COMMENT '负责人id',
  `ratius` float DEFAULT NULL COMMENT '围栏半径',
  `company_id` int(11) DEFAULT NULL COMMENT '公司id',
  PRIMARY KEY (`id`)
) ENGINE=InnoDB AUTO_INCREMENT=185 DEFAULT CHARSET=utf8;

/*Data for the table `tower` */

insert  into `tower`(`id`,`name`,`type`,`tower_desc`,`lat`,`lan`,`high`,`voltege_class`,`people_id`,`ratius`,`company_id`) values (1,'001',NULL,'001',36.325455227375,114.931309591651,10,2,35,10,NULL),(2,'002',NULL,NULL,36.325206966579,114.929788130939,NULL,2,NULL,NULL,NULL),(3,'003',NULL,NULL,36.325442881763,114.926584500492,NULL,2,NULL,NULL,NULL),(4,'004',NULL,NULL,36.3257863907814,114.921370248914,NULL,2,NULL,NULL,NULL),(5,'005',NULL,NULL,36.325960652411,114.918314050555,NULL,2,NULL,NULL,NULL),(6,'006',NULL,NULL,36.3265941380262,114.914995308638,NULL,2,NULL,NULL,NULL),(7,'007',NULL,NULL,36.3275894014835,114.909492302358,NULL,2,NULL,NULL,NULL),(8,'008',NULL,NULL,36.3285695700645,114.904077913284,NULL,2,NULL,NULL,NULL),(9,'009',NULL,NULL,36.3295291377902,114.898835401654,NULL,2,NULL,NULL,NULL),(10,'010',NULL,NULL,36.330481418848,114.893588740051,NULL,2,NULL,NULL,NULL),(11,'011',NULL,NULL,36.3312789587975,114.889051701546,NULL,2,NULL,NULL,NULL),(12,'012',NULL,NULL,36.3320613591671,114.884876522839,NULL,2,NULL,NULL,NULL),(13,'013',NULL,NULL,36.332623952508,114.881638060927,NULL,2,NULL,NULL,NULL),(14,'014',NULL,NULL,36.3331748111844,114.876040171504,NULL,2,NULL,NULL,NULL),(15,'015',NULL,NULL,36.333692730844,114.870249453604,NULL,2,NULL,NULL,NULL),(16,'016',NULL,NULL,36.3348381607533,114.865338783383,NULL,2,NULL,NULL,NULL),(17,'017',NULL,NULL,36.3355154408813,114.862301621258,NULL,2,NULL,NULL,NULL),(18,'018',NULL,NULL,36.3360590575933,114.861129481018,NULL,2,NULL,NULL,NULL),(19,'019',NULL,NULL,36.3369148536325,114.856831792414,NULL,2,NULL,NULL,NULL),(20,'020',NULL,NULL,36.3377760215402,114.85234622252,NULL,2,NULL,NULL,NULL),(21,'021',NULL,NULL,36.3385582877994,114.848191748977,NULL,2,NULL,NULL,NULL),(22,'022',NULL,NULL,36.3420816822648,114.84820334208,NULL,2,NULL,NULL,NULL),(23,'023',NULL,NULL,36.3454332216382,114.848124500036,NULL,2,NULL,NULL,NULL),(24,'024',NULL,NULL,36.3469455479383,114.845248352408,NULL,2,NULL,NULL,NULL),(25,'025',NULL,NULL,36.3479030667543,114.84387989682,NULL,2,NULL,NULL,NULL),(26,'026',NULL,NULL,36.3490014909506,114.843098248959,NULL,2,NULL,NULL,NULL),(27,'027',NULL,NULL,36.3498604907393,114.839084971368,NULL,2,NULL,NULL,NULL),(28,'028',NULL,NULL,36.3508246405721,114.834714699209,NULL,2,NULL,NULL,NULL),(29,'029',NULL,NULL,36.3516630767584,114.830718848526,NULL,2,NULL,NULL,NULL),(30,'030',NULL,NULL,36.3523529111147,114.827502127409,NULL,2,NULL,NULL,NULL),(31,'031',NULL,NULL,36.3531859009266,114.823703970432,NULL,2,NULL,NULL,NULL),(32,'032',NULL,NULL,36.3540553315282,114.819662321031,NULL,2,NULL,NULL,NULL),(33,'033',NULL,NULL,36.3549350290298,114.815616871834,NULL,2,NULL,NULL,NULL),(34,'034',NULL,NULL,36.355768316865,114.811627331793,NULL,2,NULL,NULL,NULL),(35,'035',NULL,NULL,36.3566143004894,114.807590860546,NULL,2,NULL,NULL,NULL),(36,'036',NULL,NULL,36.3574762209058,114.803595307887,NULL,2,NULL,NULL,NULL),(37,'037',NULL,NULL,36.3583402721882,114.79955423218,NULL,2,NULL,NULL,NULL),(38,'038',NULL,NULL,36.359088116765,114.795856240809,NULL,2,NULL,NULL,NULL),(39,'039',NULL,NULL,36.3593569784164,114.791944626391,NULL,2,NULL,NULL,NULL),(40,'040',NULL,NULL,36.3595638810396,114.787946600139,NULL,2,NULL,NULL,NULL),(41,'041',NULL,NULL,36.3597870482802,114.783941778958,NULL,2,NULL,NULL,NULL),(42,'042',NULL,NULL,36.3600163324475,114.779931086719,NULL,2,NULL,NULL,NULL),(43,'043',NULL,NULL,36.3601552187204,114.775928999901,NULL,2,NULL,NULL,NULL),(44,'044',NULL,NULL,36.3603855981231,114.771868031144,NULL,2,NULL,NULL,NULL),(45,'045',NULL,NULL,36.3606040416956,114.7686650787,NULL,2,NULL,NULL,NULL),(46,'046',NULL,NULL,36.3608085303307,114.764727178633,NULL,2,NULL,NULL,NULL),(47,'047',NULL,NULL,36.3610257594585,114.761205721319,NULL,2,NULL,NULL,NULL),(48,'048',NULL,NULL,36.3612286685705,114.757431309342,NULL,2,NULL,NULL,NULL),(49,'049',NULL,NULL,36.3614351912141,114.753590080559,NULL,2,NULL,NULL,NULL),(50,'050',NULL,NULL,36.3616144298315,114.749831687331,NULL,2,NULL,NULL,NULL),(51,'051',NULL,NULL,36.3618014990091,114.746070149958,NULL,2,NULL,NULL,NULL),(52,'052',NULL,NULL,36.3619946404099,114.742886569023,NULL,2,NULL,NULL,NULL),(53,'053',NULL,NULL,36.3621976687312,114.73888107729,NULL,2,NULL,NULL,NULL),(54,'054',NULL,NULL,36.3624307973981,114.734869960368,NULL,2,NULL,NULL,NULL),(55,'055',NULL,NULL,36.3626280366182,114.731367561638,NULL,2,NULL,NULL,NULL),(56,'056',NULL,NULL,36.3627657904029,114.728170860231,NULL,2,NULL,NULL,NULL),(57,'057',NULL,NULL,36.3629988296628,114.724044728696,NULL,2,NULL,NULL,NULL),(58,'058',NULL,NULL,36.3632251112461,114.719979617417,NULL,2,NULL,NULL,NULL),(59,'059',NULL,NULL,36.363437437892,114.716357919991,NULL,2,NULL,NULL,NULL),(60,'060',NULL,NULL,36.3636310784817,114.712695341229,NULL,2,NULL,NULL,NULL),(61,'061',NULL,NULL,36.3638830869198,114.708565819681,NULL,2,NULL,NULL,NULL),(62,'062',NULL,NULL,36.3640977604985,114.704450506389,NULL,2,NULL,NULL,NULL),(63,'063',NULL,NULL,36.3642990900874,114.700505520821,NULL,2,NULL,NULL,NULL),(64,'064',NULL,NULL,36.3645124598145,114.696522619247,NULL,2,NULL,NULL,NULL),(65,'065',NULL,NULL,36.3647404699326,114.692394759178,NULL,2,NULL,NULL,NULL),(66,'066',NULL,NULL,36.3649137182832,114.688425231397,NULL,2,NULL,NULL,NULL),(67,'067',NULL,NULL,36.3659032596946,114.68439376694,NULL,2,NULL,NULL,NULL),(68,'068',NULL,NULL,36.3667213110924,114.680938649595,NULL,2,NULL,NULL,NULL),(69,'069',NULL,NULL,36.3676097704768,114.677197467208,NULL,2,NULL,NULL,NULL),(70,'070',NULL,NULL,36.3685249103904,114.673417862177,NULL,2,NULL,NULL,NULL),(71,'071',NULL,NULL,36.3693231879473,114.670089330196,NULL,2,NULL,NULL,NULL),(72,'072',NULL,NULL,36.3701903088689,114.666507180452,NULL,2,NULL,NULL,NULL),(73,'073',NULL,NULL,36.3713442994952,114.661793436527,NULL,2,NULL,NULL,NULL),(74,'074',NULL,NULL,36.3723006187677,114.657796520412,NULL,2,NULL,NULL,NULL),(75,'075',NULL,NULL,36.3731718896627,114.654214311063,NULL,2,NULL,NULL,NULL),(76,'076',NULL,NULL,36.37410696733,114.650209430277,NULL,2,NULL,NULL,NULL),(77,'077',NULL,NULL,36.3750756471157,114.646207529724,NULL,2,NULL,NULL,NULL),(78,'078',NULL,NULL,36.3758294223547,114.643052849591,NULL,2,NULL,NULL,NULL),(79,'079',NULL,NULL,36.376709730804,114.639369140983,NULL,2,NULL,NULL,NULL),(80,'080',NULL,NULL,36.3776345117688,114.635579567075,NULL,2,NULL,NULL,NULL),(81,'081',NULL,NULL,36.3786114020944,114.631555098712,NULL,2,NULL,NULL,NULL),(82,'082',NULL,NULL,36.379479126513,114.627943258405,NULL,2,NULL,NULL,NULL),(83,'083',NULL,NULL,36.3801853670478,114.624868537903,NULL,2,NULL,NULL,NULL),(84,'084',NULL,NULL,36.3808430074453,114.622114691556,NULL,2,NULL,NULL,NULL),(85,'085',NULL,NULL,36.3816958009005,114.618614677012,NULL,2,NULL,NULL,NULL),(86,'086',NULL,NULL,36.3826103894711,114.614812161446,NULL,2,NULL,NULL,NULL),(87,'087',NULL,NULL,36.3834782405496,114.611220430255,NULL,2,NULL,NULL,NULL),(88,'088',NULL,NULL,36.3843492208719,114.607542831123,NULL,2,NULL,NULL,NULL),(89,'089',NULL,NULL,36.3852930604219,114.60360586983,NULL,2,NULL,NULL,NULL),(90,'090',NULL,NULL,36.3862691684365,114.599509890795,NULL,2,NULL,NULL,NULL),(91,'091',NULL,NULL,36.387198538959,114.595590140343,NULL,2,NULL,NULL,NULL),(92,'092',NULL,NULL,36.3881164206862,114.591839950204,NULL,2,NULL,NULL,NULL),(93,'093',NULL,NULL,36.3890721066594,114.58781353724,NULL,2,NULL,NULL,NULL),(94,'094',NULL,NULL,36.3900512992144,114.583821456552,NULL,2,NULL,NULL,NULL),(95,'095',NULL,NULL,36.3910017995834,114.579811360359,NULL,2,NULL,NULL,NULL),(96,'096',NULL,NULL,36.390981787324,114.575632948101,NULL,2,NULL,NULL,NULL),(97,'097',NULL,NULL,36.391025328517,114.572379018784,NULL,2,NULL,NULL,NULL),(98,'098',NULL,NULL,36.3910582898855,114.568520899534,NULL,2,NULL,NULL,NULL),(99,'099',NULL,NULL,36.3910984485149,114.563850748956,NULL,2,NULL,NULL,NULL),(100,'100',NULL,NULL,36.3911102502346,114.559675682008,NULL,2,NULL,NULL,NULL),(101,'101',NULL,NULL,36.3911191164255,114.555573571146,NULL,2,NULL,NULL,NULL),(102,'102',NULL,NULL,36.3911400004029,114.551328297377,NULL,2,NULL,NULL,NULL),(103,'103',NULL,NULL,36.3911593868136,114.54715504092,NULL,2,NULL,NULL,NULL),(104,'104',NULL,NULL,36.3912312476635,114.543185460985,NULL,2,NULL,NULL,NULL),(105,'105',NULL,NULL,36.3912187306881,114.539231348455,NULL,2,NULL,NULL,NULL),(106,'106',NULL,NULL,36.3912463499904,114.535102311194,NULL,2,NULL,NULL,NULL),(107,'107',NULL,NULL,36.3913190900087,114.530988622129,NULL,2,NULL,NULL,NULL),(108,'108',NULL,NULL,36.3915939568281,114.527043509901,NULL,2,NULL,NULL,NULL),(109,'109',NULL,NULL,36.3918904079795,114.523267071366,NULL,2,NULL,NULL,NULL),(110,'110',NULL,NULL,36.3921451507807,114.519251327634,NULL,2,NULL,NULL,NULL),(111,'111',NULL,NULL,36.392580540359,114.515010419905,NULL,2,NULL,NULL,NULL),(112,'112',NULL,NULL,36.3929495303631,114.510370600641,NULL,2,NULL,NULL,NULL),(113,'113',NULL,NULL,36.3930786191225,114.508821461022,NULL,2,NULL,NULL,NULL),(114,'114',NULL,NULL,36.3933120979667,114.505879912198,NULL,2,NULL,NULL,NULL),(115,'115',NULL,NULL,36.3935593082309,114.502592857599,NULL,2,NULL,NULL,NULL),(116,'116',NULL,NULL,36.3938863663673,114.498372669935,NULL,2,NULL,NULL,NULL),(117,'117',NULL,NULL,36.394215890646,114.494595247924,NULL,2,NULL,NULL,NULL),(118,'118',NULL,NULL,36.3945065675974,114.490412156701,NULL,2,NULL,NULL,NULL),(119,'119',NULL,NULL,36.3948583020568,114.486593890607,NULL,2,NULL,NULL,NULL),(120,'120',NULL,NULL,36.3927067308426,114.485643949032,NULL,2,NULL,NULL,NULL),(121,'121',NULL,NULL,36.3899660198689,114.485620390296,NULL,2,NULL,NULL,NULL),(122,'122',NULL,NULL,36.3872276707292,114.48563225162,NULL,2,NULL,NULL,NULL),(123,'123',NULL,NULL,36.3838131814003,114.485580201864,NULL,2,NULL,NULL,NULL),(124,'124',NULL,NULL,36.3803807808757,114.48555089128,NULL,2,NULL,NULL,NULL),(125,'125',NULL,NULL,36.3772670416832,114.485563579619,NULL,2,NULL,NULL,NULL),(126,'126',NULL,NULL,36.3748181997538,114.487486760736,NULL,2,NULL,NULL,NULL),(127,'127',NULL,NULL,36.3725108294487,114.489289458513,NULL,2,NULL,NULL,NULL),(128,'128',NULL,NULL,36.3698263405561,114.491442899823,NULL,2,NULL,NULL,NULL),(129,'129',NULL,NULL,36.3672727509141,114.493484031081,NULL,2,NULL,NULL,NULL),(130,'130',NULL,NULL,36.3643856211305,114.49573190105,NULL,2,NULL,NULL,NULL),(131,'131',NULL,NULL,36.3627283735871,114.497034359395,NULL,2,NULL,NULL,NULL),(132,'132',NULL,NULL,36.3611599965692,114.496230002165,NULL,2,NULL,NULL,NULL),(133,'133',NULL,NULL,36.3576991124749,114.49522821945,NULL,2,NULL,NULL,NULL),(134,'134',NULL,NULL,36.3546259491444,114.494348328233,NULL,2,NULL,NULL,NULL),(135,'135',NULL,NULL,36.3517726226449,114.493521932185,NULL,2,NULL,NULL,NULL),(136,'136',NULL,NULL,36.349110060811,114.492757592022,NULL,2,NULL,NULL,NULL),(137,'137',NULL,NULL,36.346662828207,114.492042582154,NULL,2,NULL,NULL,NULL),(138,'138',NULL,NULL,36.3434368907213,114.491141151309,NULL,2,NULL,NULL,NULL),(139,'139',NULL,NULL,36.3409520624876,114.490435082138,NULL,2,NULL,NULL,NULL),(140,'140',NULL,NULL,36.3380630104542,114.489595647573,NULL,2,NULL,NULL,NULL),(141,'141',NULL,NULL,36.3359708874226,114.488988820136,NULL,2,NULL,NULL,NULL),(142,'142',NULL,NULL,36.3315643383861,114.487725209117,NULL,2,NULL,NULL,NULL),(143,'143',NULL,NULL,36.3277031122446,114.486621427953,NULL,2,NULL,NULL,NULL),(144,'144',NULL,NULL,36.3237297921181,114.485464211226,NULL,2,NULL,NULL,NULL),(145,'145',NULL,NULL,36.3202929510474,114.48447077316,NULL,2,NULL,NULL,NULL),(146,'146',NULL,NULL,36.3162177814841,114.483318891048,NULL,2,NULL,NULL,NULL),(147,'147',NULL,NULL,36.3127229525447,114.482319052935,NULL,2,NULL,NULL,NULL),(148,'148',NULL,NULL,36.308919110775,114.481217000306,NULL,2,NULL,NULL,NULL),(149,'149',NULL,NULL,36.304850952208,114.480048563004,NULL,2,NULL,NULL,NULL),(150,'150',NULL,NULL,36.3025119020343,114.479382227778,NULL,2,NULL,NULL,NULL),(151,'151',NULL,NULL,36.2984951673746,114.480689461946,NULL,2,NULL,NULL,NULL),(152,'152',NULL,NULL,36.2946607782245,114.481942120612,NULL,2,NULL,NULL,NULL),(153,'153',NULL,NULL,36.2907803370357,114.483198452413,NULL,2,NULL,NULL,NULL),(154,'154',NULL,NULL,36.2868621735573,114.48445806247,NULL,2,NULL,NULL,NULL),(155,'155',NULL,NULL,36.2836421220303,114.485512610197,NULL,2,NULL,NULL,NULL),(156,'156',NULL,NULL,36.2807333408594,114.486449997544,NULL,2,NULL,NULL,NULL),(157,'157',NULL,NULL,36.2776116667986,114.485833000064,NULL,2,NULL,NULL,NULL),(158,'158',NULL,NULL,36.2745658918023,114.485211390674,NULL,2,NULL,NULL,NULL),(159,'159',NULL,NULL,36.2706789537072,114.484448659837,NULL,2,NULL,NULL,NULL),(160,'160',NULL,NULL,36.2671827836633,114.483752991676,NULL,2,NULL,NULL,NULL),(161,'161',NULL,NULL,36.2618249966502,114.482686940253,NULL,2,NULL,NULL,NULL),(162,'162',NULL,NULL,36.2562933428884,114.481595780373,NULL,2,NULL,NULL,NULL),(163,'163',NULL,NULL,36.2507501705289,114.480500001132,NULL,2,NULL,NULL,NULL),(164,'164',NULL,NULL,36.2476900010109,114.479903999388,NULL,2,NULL,NULL,NULL),(165,'165',NULL,NULL,36.2415136708617,114.478661160588,NULL,2,NULL,NULL,NULL),(166,'166',NULL,NULL,36.2374663888216,114.477867658854,NULL,2,NULL,NULL,NULL),(167,'167',NULL,NULL,36.2341811819673,114.477240826607,NULL,2,NULL,NULL,NULL),(168,'168',NULL,NULL,36.2327318428755,114.473837557852,NULL,2,NULL,NULL,NULL),(169,'169',NULL,NULL,36.2310263900757,114.469861331999,NULL,2,NULL,NULL,NULL),(170,'170',NULL,NULL,36.2297727330327,114.466893341064,NULL,2,NULL,NULL,NULL),(171,'171',NULL,NULL,36.2285376204848,114.464015889585,NULL,2,NULL,NULL,NULL),(172,'172',NULL,NULL,36.2274745567441,114.461541499615,NULL,2,NULL,NULL,NULL),(173,'173',NULL,NULL,36.2260966687202,114.458376671791,NULL,2,NULL,NULL,NULL),(174,'174',NULL,NULL,36.2244234322309,114.458320621073,NULL,2,NULL,NULL,NULL),(175,'175',NULL,NULL,36.2201316668391,114.458239879131,NULL,2,NULL,NULL,NULL),(176,'176',NULL,NULL,36.2160677327514,114.458192828715,NULL,2,NULL,NULL,NULL),(177,'177',NULL,NULL,36.2115566669703,114.458165000796,NULL,2,NULL,NULL,NULL),(178,'178',NULL,NULL,36.2084928317666,114.459668662071,NULL,2,NULL,NULL,NULL),(179,'179',NULL,NULL,36.2048224522471,114.461433563054,NULL,2,NULL,NULL,NULL),(180,'180',NULL,NULL,36.2014683424234,114.463090452969,NULL,2,NULL,NULL,NULL),(181,'181',NULL,NULL,36.1983826099634,114.46459073168,NULL,2,NULL,NULL,NULL),(182,'182',NULL,NULL,36.1957363872528,114.465891781867,NULL,2,NULL,NULL,NULL),(183,'183',NULL,NULL,36.1922238035798,114.467596929193,NULL,2,NULL,NULL,NULL),(184,'184',NULL,NULL,36.1884880973697,114.469446386814,NULL,2,NULL,NULL,NULL);

/*Table structure for table `tower_people` */

DROP TABLE IF EXISTS `tower_people`;

CREATE TABLE `tower_people` (
  `id` int(11) NOT NULL AUTO_INCREMENT,
  `tower_id` int(11) DEFAULT NULL COMMENT '塔杆Id',
  `people_id` int(11) DEFAULT NULL COMMENT '人员Id',
  PRIMARY KEY (`id`)
) ENGINE=InnoDB DEFAULT CHARSET=utf8;

/*Data for the table `tower_people` */

/*Table structure for table `trap` */

DROP TABLE IF EXISTS `trap`;

CREATE TABLE `trap` (
  `id` int(11) NOT NULL AUTO_INCREMENT,
  `name` varchar(255) NOT NULL,
  `lat` double DEFAULT NULL,
  `lan` double DEFAULT NULL,
  `radis` float DEFAULT NULL COMMENT '半径',
  `terminal_id` int(11) DEFAULT NULL,
  `type` int(11) DEFAULT NULL COMMENT '围栏类型，0 内；1外',
  `perperty` int(11) DEFAULT NULL COMMENT '围栏类型：0 圆圈；1 长方形；2多边形',
  PRIMARY KEY (`id`)
) ENGINE=InnoDB AUTO_INCREMENT=14 DEFAULT CHARSET=utf8;

/*Data for the table `trap` */

insert  into `trap`(`id`,`name`,`lat`,`lan`,`radis`,`terminal_id`,`type`,`perperty`) values (1,'围栏一y',NULL,NULL,NULL,NULL,NULL,0),(5,'○二',NULL,NULL,NULL,NULL,NULL,0),(6,'111',NULL,NULL,NULL,NULL,NULL,0),(8,'禁止区域',NULL,NULL,NULL,NULL,NULL,0),(10,'危险区域',NULL,NULL,NULL,NULL,NULL,0),(13,'禁止区域',NULL,NULL,NULL,NULL,NULL,1);

/*Table structure for table `user` */

DROP TABLE IF EXISTS `user`;

CREATE TABLE `user` (
  `id` int(11) NOT NULL AUTO_INCREMENT,
  `name` varbinary(16) NOT NULL,
  `realname` varchar(32) DEFAULT NULL,
  `nickname` varchar(16) DEFAULT NULL,
  `password` varchar(32) NOT NULL,
  `password_decode` varchar(32) DEFAULT NULL,
  `address` varchar(64) DEFAULT NULL,
  `phone` varchar(16) DEFAULT NULL,
  `mail` varchar(64) DEFAULT NULL,
  `type` int(11) DEFAULT NULL,
  `org_id` int(11) DEFAULT NULL,
  `login_count` int(11) DEFAULT NULL,
  `last_login_time` datetime DEFAULT NULL,
  `last_login_ip` varchar(16) DEFAULT NULL,
  `partner` varchar(32) DEFAULT NULL,
  `join_date` date DEFAULT NULL,
  `create_userid` int(11) DEFAULT NULL,
  `create_user` varchar(16) DEFAULT NULL,
  `create_time` datetime DEFAULT NULL,
  `update_userid` int(11) DEFAULT NULL,
  `update_user` varchar(16) DEFAULT NULL,
  `update_time` datetime DEFAULT NULL,
  PRIMARY KEY (`id`)
) ENGINE=InnoDB AUTO_INCREMENT=4 DEFAULT CHARSET=utf8;

/*Data for the table `user` */

insert  into `user`(`id`,`name`,`realname`,`nickname`,`password`,`password_decode`,`address`,`phone`,`mail`,`type`,`org_id`,`login_count`,`last_login_time`,`last_login_ip`,`partner`,`join_date`,`create_userid`,`create_user`,`create_time`,`update_userid`,`update_user`,`update_time`) values (1,'admin','admin','admin','4QrcOUm6Wau+VuBX8g+IPg==','123456',NULL,NULL,NULL,1,1,NULL,NULL,NULL,'管理员',NULL,NULL,NULL,'2016-06-16 18:47:44',NULL,NULL,'2016-06-16 18:47:44'),(2,'yt','易通',NULL,'4QrcOUm6Wau+VuBX8g+IPg==',NULL,NULL,'','yt@yt.com',0,NULL,NULL,NULL,NULL,NULL,NULL,1,'admin','2017-10-26 15:06:04',NULL,NULL,NULL),(3,'zhangqiang','张强',NULL,'4QrcOUm6Wau+VuBX8g+IPg==',NULL,NULL,'13261670056','463201047@qq.com',1,NULL,NULL,NULL,NULL,NULL,NULL,1,'admin','2018-01-24 21:34:26',1,'admin','2018-01-31 21:42:15');

/*Table structure for table `warn` */

DROP TABLE IF EXISTS `warn`;

CREATE TABLE `warn` (
  `id` int(11) NOT NULL AUTO_INCREMENT,
  `eq_num` varchar(45) DEFAULT NULL COMMENT '设备终端号',
  `status` varchar(2) DEFAULT '0' COMMENT '设备状态，0：未处理，1：已处理',
  `time` datetime DEFAULT NULL COMMENT '时间',
  `lat` double DEFAULT NULL COMMENT '纬度',
  `lng` double DEFAULT NULL COMMENT '经度',
  `type` varchar(25) DEFAULT NULL COMMENT '类型',
  `num` varchar(25) DEFAULT NULL COMMENT '编号',
  `content` varchar(500) DEFAULT NULL COMMENT '报警内容',
  PRIMARY KEY (`id`)
) ENGINE=InnoDB AUTO_INCREMENT=239 DEFAULT CHARSET=utf8;

/*Data for the table `warn` */

insert  into `warn`(`id`,`eq_num`,`status`,`time`,`lat`,`lng`,`type`,`num`,`content`) values (1,'353456789012345','1','2017-11-21 14:55:02',39.36585,105.25415,'1','1001','电量不足'),(2,'353456789012345','1','2017-11-23 18:09:04',0,0,'1','0','设备电量低'),(3,'868020170825210','1','2017-11-27 11:08:26',0,0,'1','0','电量不足'),(4,'868020170825210','1','2017-11-27 11:12:05',0,0,'1','0','电量不足'),(5,'868020170825210','1','2017-11-27 11:15:16',0,0,'1','0','电量不足'),(6,'868020170825210','0','2017-11-27 11:16:25',0,0,'1','0','电量不足'),(7,'868020170825210','1','2017-11-27 11:19:07',0,0,'1','0','电量不足'),(8,'868020170825289','0','2017-11-28 07:52:08',0,0,'1','0','电量不足'),(9,'868020170825289','0','2017-11-28 07:54:08',0,0,'1','0','电量不足'),(10,'868020170825289','0','2017-11-28 07:56:08',0,0,'1','0','电量不足'),(11,'868020170825289','0','2017-11-28 07:58:08',0,0,'1','0','电量不足'),(12,'868020170825289','0','2017-11-28 08:00:08',0,0,'1','0','电量不足'),(13,'868020170825289','0','2017-11-28 08:02:10',0,0,'1','0','电量不足'),(14,'868020170825289','0','2017-11-28 08:04:08',0,0,'1','0','电量不足'),(15,'868020170825289','0','2017-11-28 08:06:08',0,0,'1','0','电量不足'),(16,'868020170825289','0','2017-11-28 08:08:08',0,0,'1','0','电量不足'),(17,'868020170825289','0','2017-11-28 08:10:09',0,0,'1','0','电量不足'),(18,'868020170825289','0','2017-11-28 08:12:09',0,0,'1','0','电量不足'),(19,'868020170825289','0','2017-11-28 08:14:09',0,0,'1','0','电量不足'),(20,'868020170825289','0','2017-11-28 08:16:09',0,0,'1','0','电量不足'),(21,'868020170825289','0','2017-11-28 08:18:09',0,0,'1','0','电量不足'),(22,'868020170825289','0','2017-11-28 08:20:09',0,0,'1','0','电量不足'),(23,'868020170825289','0','2017-11-28 08:22:09',0,0,'1','0','电量不足'),(24,'868020170825289','0','2017-11-28 08:24:09',0,0,'1','0','电量不足'),(25,'868020170825289','0','2017-11-28 08:26:09',0,0,'1','0','电量不足'),(26,'868020170825289','0','2017-11-28 08:28:09',0,0,'1','0','电量不足'),(27,'868020170825289','0','2017-11-28 08:30:09',0,0,'1','0','电量不足'),(28,'868020170825289','0','2017-11-28 08:32:09',0,0,'1','0','电量不足'),(29,'868020170825289','0','2017-11-28 08:34:09',0,0,'1','0','电量不足'),(30,'868020170825289','0','2017-11-28 08:36:09',0,0,'1','0','电量不足'),(31,'868020170825289','0','2017-11-28 08:38:09',0,0,'1','0','电量不足'),(32,'868020170825289','0','2017-11-28 08:40:09',0,0,'1','0','电量不足'),(33,'868020170825289','0','2017-11-28 08:42:09',0,0,'1','0','电量不足'),(34,'868020170825289','0','2017-11-28 08:44:09',0,0,'1','0','电量不足'),(35,'868020170825289','0','2017-11-28 08:46:09',0,0,'1','0','电量不足'),(36,'868020170825289','0','2017-11-28 08:48:09',0,0,'1','0','电量不足'),(37,'868020170825289','0','2017-11-28 08:50:09',0,0,'1','0','电量不足'),(38,'868020170825289','0','2017-11-28 08:52:09',0,0,'1','0','电量不足'),(39,'868020170825289','0','2017-11-28 08:54:09',0,0,'1','0','电量不足'),(40,'868020170825289','0','2017-11-28 08:56:10',0,0,'1','0','电量不足'),(41,'868020170825289','0','2017-11-28 08:58:10',0,0,'1','0','电量不足'),(42,'868020170825289','0','2017-11-28 09:00:10',0,0,'1','0','电量不足'),(43,'868020170825289','0','2017-11-28 09:02:10',0,0,'1','0','电量不足'),(44,'868020170825289','0','2017-11-28 09:04:10',0,0,'1','0','电量不足'),(45,'868020170825289','0','2017-11-28 09:06:10',0,0,'1','0','电量不足'),(46,'868020170825289','0','2017-11-28 09:08:10',0,0,'1','0','电量不足'),(47,'868020170825289','0','2017-11-28 09:10:10',0,0,'1','0','电量不足'),(48,'868020170825289','0','2017-11-28 09:12:10',0,0,'1','0','电量不足'),(49,'868020170825289','0','2017-11-28 09:14:10',0,0,'1','0','电量不足'),(50,'868020170825289','0','2017-11-28 09:16:10',0,0,'1','0','电量不足'),(51,'868020170825289','0','2017-11-28 09:18:10',0,0,'1','0','电量不足'),(52,'868020170825289','0','2017-11-28 09:20:10',0,0,'1','0','电量不足'),(53,'868020170825289','0','2017-11-28 09:22:10',0,0,'1','0','电量不足'),(54,'868020170825289','0','2017-11-28 09:24:10',0,0,'1','0','电量不足'),(55,'868020170825289','0','2017-11-28 09:26:10',0,0,'1','0','电量不足'),(56,'868020170825289','0','2017-11-28 09:28:10',0,0,'1','0','电量不足'),(57,'868020170825289','0','2017-11-28 09:30:10',0,0,'1','0','电量不足'),(58,'868020170825289','0','2017-11-28 09:32:10',0,0,'1','0','电量不足'),(59,'868020170825289','0','2017-11-28 09:34:10',0,0,'1','0','电量不足'),(60,'868020170825289','0','2017-11-28 09:36:10',0,0,'1','0','电量不足'),(61,'868020170825289','0','2017-11-28 09:38:11',0,0,'1','0','电量不足'),(62,'868020170825289','0','2017-11-28 09:40:11',0,0,'1','0','电量不足'),(63,'868020170825289','0','2017-11-28 09:42:11',0,0,'1','0','电量不足'),(64,'868020170825289','0','2017-11-28 09:44:11',0,0,'1','0','电量不足'),(65,'868020170825289','0','2017-11-28 09:46:11',0,0,'1','0','电量不足'),(66,'868020170825289','0','2017-11-28 09:48:11',0,0,'1','0','电量不足'),(67,'868020170825289','0','2017-11-28 09:50:11',0,0,'1','0','电量不足'),(68,'868020170825289','0','2017-11-28 09:52:11',0,0,'1','0','电量不足'),(69,'868020170825289','0','2017-11-28 09:54:11',0,0,'1','0','电量不足'),(70,'868020170825289','0','2017-11-28 09:56:11',0,0,'1','0','电量不足'),(71,'868020170825289','0','2017-11-28 09:58:11',0,0,'1','0','电量不足'),(72,'868020170825289','0','2017-11-28 10:00:11',0,0,'1','0','电量不足'),(73,'868020170825289','0','2017-11-28 10:02:11',0,0,'1','0','电量不足'),(74,'868020170825289','0','2017-11-28 10:04:11',0,0,'1','0','电量不足'),(75,'868020170825289','0','2017-11-28 10:06:11',0,0,'1','0','电量不足'),(76,'868020170825289','0','2017-11-28 10:08:11',0,0,'1','0','电量不足'),(77,'868020170825289','0','2017-11-28 10:10:11',0,0,'1','0','电量不足'),(78,'868020170825289','0','2017-11-28 10:12:11',0,0,'1','0','电量不足'),(79,'868020170825289','0','2017-11-28 10:14:11',0,0,'1','0','电量不足'),(80,'868020170825289','0','2017-11-28 10:16:11',0,0,'1','0','电量不足'),(81,'868020170825289','0','2017-11-28 10:18:11',0,0,'1','0','电量不足'),(82,'868020170825289','0','2017-11-28 10:20:12',0,0,'1','0','电量不足'),(83,'868020170825289','0','2017-11-28 10:22:12',0,0,'1','0','电量不足'),(84,'868020170825289','0','2017-11-28 10:24:12',0,0,'1','0','电量不足'),(85,'868020170825289','0','2017-11-28 10:26:12',0,0,'1','0','电量不足'),(86,'868020170825289','0','2017-11-28 10:28:12',0,0,'1','0','电量不足'),(87,'868020170825289','0','2017-11-28 10:30:12',0,0,'1','0','电量不足'),(88,'868020170825289','0','2017-11-28 10:32:12',0,0,'1','0','电量不足'),(89,'868020170825289','0','2017-11-28 10:34:12',0,0,'1','0','电量不足'),(90,'868020170825289','0','2017-11-28 10:36:12',0,0,'1','0','电量不足'),(91,'868020170825289','0','2017-11-28 10:38:12',0,0,'1','0','电量不足'),(92,'868020170825289','0','2017-11-28 10:40:14',0,0,'1','0','电量不足'),(93,'868020170825289','0','2017-11-28 10:42:12',0,0,'1','0','电量不足'),(94,'868020170825289','0','2017-11-28 10:44:12',0,0,'1','0','电量不足'),(95,'868020170825289','0','2017-11-28 10:46:12',0,0,'1','0','电量不足'),(96,'868020170825289','0','2017-11-28 10:48:12',0,0,'1','0','电量不足'),(97,'868020170825289','0','2017-11-28 10:50:12',0,0,'1','0','电量不足'),(98,'868020170825289','0','2017-11-28 10:52:12',0,0,'1','0','电量不足'),(99,'868020170825289','0','2017-11-28 10:54:12',0,0,'1','0','电量不足'),(100,'868020170825289','0','2017-11-28 10:56:12',0,0,'1','0','电量不足'),(101,'868020170825289','0','2017-11-28 10:58:12',0,0,'1','0','电量不足'),(102,'868020170825289','0','2017-11-28 11:00:12',0,0,'1','0','电量不足'),(103,'868020170825289','0','2017-11-28 11:02:12',0,0,'1','0','电量不足'),(104,'868020170825289','0','2017-11-28 11:04:13',0,0,'1','0','电量不足'),(105,'868020170825289','0','2017-11-28 11:06:14',0,0,'1','0','电量不足'),(106,'868020170825289','0','2017-11-28 11:08:13',0,0,'1','0','电量不足'),(107,'868020170825289','0','2017-11-28 11:10:13',0,0,'1','0','电量不足'),(108,'868020170825289','0','2017-11-28 11:12:14',0,0,'1','0','电量不足'),(109,'868020170825289','0','2017-11-28 11:14:13',0,0,'1','0','电量不足'),(110,'868020170825289','0','2017-11-28 11:16:13',0,0,'1','0','电量不足'),(111,'868020170825289','0','2017-11-28 11:18:13',0,0,'1','0','电量不足'),(112,'868020170825289','0','2017-11-28 11:20:13',0,0,'1','0','电量不足'),(113,'868020170825289','0','2017-11-28 11:22:13',0,0,'1','0','电量不足'),(114,'868020170825289','0','2017-11-28 11:24:13',0,0,'1','0','电量不足'),(115,'868020170825289','0','2017-11-28 11:26:15',0,0,'1','0','电量不足'),(116,'868020170825289','0','2017-11-28 11:28:13',0,0,'1','0','电量不足'),(117,'868020170825289','0','2017-11-28 11:30:13',0,0,'1','0','电量不足'),(118,'868020170825289','0','2017-11-28 11:32:13',0,0,'1','0','电量不足'),(119,'868020170825289','0','2017-11-28 11:34:13',0,0,'1','0','电量不足'),(120,'868020170825289','0','2017-11-28 11:36:13',0,0,'1','0','电量不足'),(121,'868020170825289','0','2017-11-28 11:38:13',0,0,'1','0','电量不足'),(122,'868020170825289','0','2017-11-28 11:40:13',0,0,'1','0','电量不足'),(123,'868020170825289','0','2017-11-28 11:42:13',0,0,'1','0','电量不足'),(124,'868020170825289','0','2017-11-28 11:44:13',0,0,'1','0','电量不足'),(125,'868020170825289','0','2017-11-28 11:46:13',0,0,'1','0','电量不足'),(126,'868020170825289','0','2017-11-28 11:48:14',0,0,'1','0','电量不足'),(127,'868020170825289','0','2017-11-28 11:50:14',0,0,'1','0','电量不足'),(128,'868020170825289','0','2017-11-28 11:52:15',0,0,'1','0','电量不足'),(129,'868020170825289','0','2017-11-28 11:54:14',0,0,'1','0','电量不足'),(130,'868020170825289','0','2017-11-28 11:56:14',0,0,'1','0','电量不足'),(131,'868020170825289','0','2017-11-28 11:58:14',0,0,'1','0','电量不足'),(132,'868020170825289','0','2017-11-28 12:00:14',0,0,'1','0','电量不足'),(133,'868020170825289','0','2017-11-28 12:02:14',0,0,'1','0','电量不足'),(134,'868020170825289','0','2017-11-28 12:04:14',0,0,'1','0','电量不足'),(135,'868020170825289','0','2017-11-28 12:06:14',0,0,'1','0','电量不足'),(136,'868020170825289','0','2017-11-28 12:08:14',0,0,'1','0','电量不足'),(137,'868020170825289','0','2017-11-28 12:10:14',0,0,'1','0','电量不足'),(138,'868020170825289','0','2017-11-28 12:12:14',0,0,'1','0','电量不足'),(139,'868020170825289','0','2017-11-28 12:14:14',0,0,'1','0','电量不足'),(140,'868020170825289','0','2017-11-28 12:16:14',0,0,'1','0','电量不足'),(141,'868020170825289','0','2017-11-28 12:18:14',0,0,'1','0','电量不足'),(142,'868020170825289','0','2017-11-28 12:20:14',0,0,'1','0','电量不足'),(143,'868020170825289','0','2017-11-28 12:22:14',0,0,'1','0','电量不足'),(144,'868020170825289','0','2017-11-28 12:24:14',0,0,'1','0','电量不足'),(145,'868020170825289','0','2017-11-28 12:26:14',0,0,'1','0','电量不足'),(146,'868020170825289','0','2017-11-28 12:28:14',0,0,'1','0','电量不足'),(147,'868020170825289','0','2017-11-28 12:30:14',0,0,'1','0','电量不足'),(148,'868020170825289','0','2017-11-28 12:32:15',0,0,'1','0','电量不足'),(149,'868020170825289','0','2017-11-28 12:34:15',0,0,'1','0','电量不足'),(150,'868020170825289','0','2017-11-28 12:36:15',0,0,'1','0','电量不足'),(151,'868020170825289','0','2017-11-28 12:38:15',0,0,'1','0','电量不足'),(152,'868020170825289','0','2017-11-28 12:40:15',0,0,'1','0','电量不足'),(153,'868020170825289','0','2017-11-28 12:42:15',0,0,'1','0','电量不足'),(154,'868020170825289','0','2017-11-28 12:44:15',0,0,'1','0','电量不足'),(155,'868020170825289','0','2017-11-28 12:46:15',0,0,'1','0','电量不足'),(156,'868020170825289','0','2017-11-28 12:48:15',0,0,'1','0','电量不足'),(157,'868020170825289','0','2017-11-28 12:50:15',0,0,'1','0','电量不足'),(158,'868020170825289','0','2017-11-28 12:52:15',0,0,'1','0','电量不足'),(159,'868020170825289','0','2017-11-28 12:54:15',0,0,'1','0','电量不足'),(160,'868020170825289','0','2017-11-28 12:56:15',0,0,'1','0','电量不足'),(161,'868020170825289','0','2017-11-28 12:58:15',0,0,'1','0','电量不足'),(162,'868020170825289','0','2017-11-28 13:00:15',0,0,'1','0','电量不足'),(163,'868020170825289','0','2017-11-28 13:02:15',0,0,'1','0','电量不足'),(164,'868020170825289','0','2017-11-28 13:04:15',0,0,'1','0','电量不足'),(165,'868020170825289','0','2017-11-28 13:06:15',0,0,'1','0','电量不足'),(166,'868020170825289','0','2017-11-28 13:08:15',0,0,'1','0','电量不足'),(167,'868020170825289','0','2017-11-28 13:10:16',0,0,'1','0','电量不足'),(168,'868020170825289','0','2017-11-28 13:12:16',0,0,'1','0','电量不足'),(169,'868020170825289','0','2017-11-28 13:14:16',0,0,'1','0','电量不足'),(170,'868020170825289','0','2017-11-28 13:16:16',0,0,'1','0','电量不足'),(171,'868020170825289','0','2017-11-28 13:18:16',0,0,'1','0','电量不足'),(172,'868020170825289','0','2017-11-28 13:20:16',0,0,'1','0','电量不足'),(173,'868020170825289','0','2017-11-28 13:22:16',0,0,'1','0','电量不足'),(174,'868020170825289','0','2017-11-28 13:24:16',0,0,'1','0','电量不足'),(175,'868020170825289','0','2017-11-28 13:26:16',0,0,'1','0','电量不足'),(176,'868020170825289','0','2017-11-28 13:28:16',0,0,'1','0','电量不足'),(177,'868020170825289','0','2017-11-28 13:30:16',0,0,'1','0','电量不足'),(178,'868020170825289','0','2017-11-28 13:32:16',0,0,'1','0','电量不足'),(179,'868020170825289','0','2017-11-28 13:34:16',0,0,'1','0','电量不足'),(180,'868020170825289','0','2017-11-28 13:36:16',0,0,'1','0','电量不足'),(181,'868020170825289','0','2017-11-28 13:38:16',0,0,'1','0','电量不足'),(182,'868020170825289','0','2017-11-28 13:40:16',0,0,'1','0','电量不足'),(183,'868020170825289','0','2017-11-28 13:42:16',0,0,'1','0','电量不足'),(184,'868020170825289','0','2017-11-28 13:44:16',0,0,'1','0','电量不足'),(185,'868020170825289','0','2017-11-28 13:46:16',0,0,'1','0','电量不足'),(186,'868020170825289','0','2017-11-28 13:48:16',0,0,'1','0','电量不足'),(187,'868020170825289','0','2017-11-28 13:50:16',0,0,'1','0','电量不足'),(188,'868020170825289','0','2017-11-28 13:52:16',0,0,'1','0','电量不足'),(189,'868020170825289','0','2017-11-28 13:54:16',0,0,'1','0','电量不足'),(190,'868020170825289','0','2017-11-28 13:56:17',0,0,'1','0','电量不足'),(191,'868020170825289','0','2017-11-28 13:58:17',0,0,'1','0','电量不足'),(192,'868020170825289','0','2017-11-28 14:00:17',0,0,'1','0','电量不足'),(193,'868020170825289','0','2017-11-28 14:02:17',0,0,'1','0','电量不足'),(194,'868020170825289','0','2017-11-28 14:04:17',0,0,'1','0','电量不足'),(195,'868020170825289','0','2017-11-28 14:06:17',0,0,'1','0','电量不足'),(196,'868020170825289','0','2017-11-28 14:08:17',0,0,'1','0','电量不足'),(197,'868020170825289','0','2017-11-28 14:10:17',0,0,'1','0','电量不足'),(198,'868020170825289','0','2017-11-28 14:12:17',0,0,'1','0','电量不足'),(199,'868020170825289','0','2017-11-28 14:14:17',0,0,'1','0','电量不足'),(200,'868020170825289','0','2017-11-28 14:16:17',0,0,'1','0','电量不足'),(201,'868020170825289','0','2017-11-28 14:18:17',0,0,'1','0','电量不足'),(202,'868020170825289','0','2017-11-28 14:20:17',0,0,'1','0','电量不足'),(203,'868020170825289','0','2017-11-28 14:22:17',0,0,'1','0','电量不足'),(204,'868020170825289','0','2017-11-28 14:24:17',0,0,'1','0','电量不足'),(205,'868020170825289','0','2017-11-28 14:26:17',0,0,'1','0','电量不足'),(206,'868020170825289','0','2017-11-28 14:28:17',0,0,'1','0','电量不足'),(207,'868020170825289','0','2017-11-28 14:30:17',0,0,'1','0','电量不足'),(208,'868020170825289','0','2017-11-28 14:32:17',0,0,'1','0','电量不足'),(209,'868020170825289','0','2017-11-28 14:34:17',0,0,'1','0','电量不足'),(210,'868020170825289','0','2017-11-28 14:36:18',0,0,'1','0','电量不足'),(211,'868020170825289','0','2017-11-28 14:38:19',0,0,'1','0','电量不足'),(212,'868020170825289','0','2017-11-28 14:40:18',0,0,'1','0','电量不足'),(213,'868020170825289','0','2017-11-28 14:42:18',0,0,'1','0','电量不足'),(214,'868020170825289','0','2017-11-28 14:44:18',0,0,'1','0','电量不足'),(215,'868020170825289','0','2017-11-28 14:46:18',0,0,'1','0','电量不足'),(216,'868020170825289','0','2017-11-28 14:48:18',0,0,'1','0','电量不足'),(217,'868020170825289','0','2017-11-28 14:50:18',0,0,'1','0','电量不足'),(218,'868020170825289','0','2017-11-28 14:52:18',0,0,'1','0','电量不足'),(219,'868020170825289','0','2017-11-28 14:54:18',0,0,'1','0','电量不足'),(220,'868020170825289','0','2017-11-28 14:56:18',0,0,'1','0','电量不足'),(221,'868020170825289','0','2017-11-28 14:58:18',0,0,'1','0','电量不足'),(222,'868020170825289','0','2017-11-28 15:00:18',0,0,'1','0','电量不足'),(223,'868020170825289','0','2017-11-28 15:02:18',0,0,'1','0','电量不足'),(224,'868020170825289','0','2017-11-28 15:04:18',0,0,'1','0','电量不足'),(225,'868020170825289','0','2017-11-28 15:06:18',0,0,'1','0','电量不足'),(226,'868020170825289','0','2017-11-28 15:08:18',0,0,'1','0','电量不足'),(227,'868020170825289','0','2017-11-28 15:10:18',0,0,'1','0','电量不足'),(228,'868020170825289','0','2017-11-28 15:12:18',0,0,'1','0','电量不足'),(229,'868020170825289','0','2017-11-28 15:14:18',0,0,'1','0','电量不足'),(230,'868020170825289','0','2017-11-28 15:16:18',0,0,'1','0','电量不足'),(231,'868020170825289','0','2017-11-28 15:18:18',0,0,'1','0','电量不足'),(232,'868020170825289','0','2017-11-28 15:20:18',0,0,'1','0','电量不足'),(233,'868020170825289','0','2017-11-28 15:22:19',0,0,'1','0','电量不足'),(234,'868020170825289','0','2017-11-28 15:24:21',0,0,'1','0','电量不足'),(235,'868020170825289','0','2017-11-28 15:26:19',0,0,'1','0','电量不足'),(236,'868020170825289','0','2017-11-28 15:28:19',0,0,'1','0','电量不足'),(237,'868020170825289','0','2017-11-28 15:30:19',0,0,'1','0','电量不足'),(238,'868020170825289','1','2017-11-28 15:32:19',0,0,'1','0','电量不足');

/*!50106 set global event_scheduler = 1*/;

/* Event structure for event `daysumevent` */

/*!50106 DROP EVENT IF EXISTS `daysumevent`*/;

DELIMITER $$

/*!50106 CREATE DEFINER=`root`@`localhost` EVENT `daysumevent` ON SCHEDULE EVERY 1 DAY STARTS '2017-10-20 00:01:00' ON COMPLETION PRESERVE ENABLE DO BEGIN

call daysum();

END */$$
DELIMITER ;

/* Procedure structure for procedure `daysum` */

/*!50003 DROP PROCEDURE IF EXISTS  `daysum` */;

DELIMITER $$

/*!50003 CREATE DEFINER=`root`@`localhost` PROCEDURE `daysum`()
BEGIN

  DECLARE  simh_v varchar(255) default NULL;

  DECLARE  org_id_v varchar(255) default NULL;

  DECLARE  run_time int default 0;

  DECLARE  pad_run_time int default 0;

  DECLARE  no_more_products int default 0;

  DECLARE  nowdate date DEFAULT NULL; 

  DECLARE  all_terminal CURSOR FOR  SELECT distinct id,org_id FROM equipment where id like 'E515%' and business_status is not null and business_status !=0 ;

 DECLARE  CONTINUE HANDLER FOR NOT FOUND  SET  no_more_products = 1;

 



  select DATE_SUB(curdate(),INTERVAL 1 DAY) into nowdate;



 

 OPEN  all_terminal;

 FETCH  all_terminal INTO simh_v,org_id_v;



 DELETE from gjhf_day_sum where DATE_FORMAT(GPST,'%Y-%m-%d')=DATE_FORMAT(nowdate,'%Y-%m-%d');



 REPEAT



 SELECT  count(*)*5 INTO run_time

 FROM  gjhf

 WHERE  simh = simh_v and DATE_FORMAT(GPST,'%Y-%m-%d')=DATE_FORMAT(nowdate,'%Y-%m-%d'); 



select count(*)*5 into pad_run_time  

from deduct_fee_log  

where eq_id=simh_v and DATE_FORMAT(create_time,'%Y-%m-%d')=DATE_FORMAT(nowdate,'%Y-%m-%d');







 INSERT  INTO gjhf_day_sum(SIMH,GPST,RUN_TIME,PAD_RUN_TIME,org_id)

 VALUES  (simh_v,nowdate,run_time,pad_run_time,org_id_v);



 FETCH  all_terminal INTO simh_v,org_id_v;



 UNTIL  no_more_products = 1

 END REPEAT;





END */$$
DELIMITER ;

/* Procedure structure for procedure `daysumhistory` */

/*!50003 DROP PROCEDURE IF EXISTS  `daysumhistory` */;

DELIMITER $$

/*!50003 CREATE DEFINER=`root`@`localhost` PROCEDURE `daysumhistory`()
BEGIN

  DECLARE  simh_v varchar(255) default NULL;

  DECLARE  org_id_v varchar(255) default NULL;

  DECLARE  run_time int default 0;

  DECLARE  pad_run_time int default 0;

  

  DECLARE b int;

  DECLARE nowdate date DEFAULT NULL;  

  DECLARE endtmp date DEFAULT NULL;  





  DECLARE  all_terminal CURSOR FOR  SELECT distinct id,org_id FROM equipment where id like 'E515%' and business_status is not null and business_status !=0;

  DECLARE  CONTINUE HANDLER FOR NOT FOUND SET  b = 1;

  

  set b=0;

 

 OPEN  all_terminal;

 



 REPEAT

     FETCH  all_terminal INTO simh_v,org_id_v;

    

    set nowdate = STR_TO_DATE('2017-09-01',"%Y-%m-%d"); 

    set endtmp = STR_TO_DATE('2017-09-23',"%Y-%m-%d");  



		WHILE nowdate<=endtmp   

		DO  

       

         DELETE from gjhf_day_sum where DATE_FORMAT(GPST,'%Y-%m-%d')=nowdate AND SIMH=simh_v;

				 SELECT  count(*)*5 INTO run_time

				 FROM  gjhf

				 WHERE  simh = simh_v and DATE_FORMAT(GPST,'%Y-%m-%d')=nowdate;



					select count(*)*5 into pad_run_time  

					from deduct_fee_log  

					where eq_id=simh_v and DATE_FORMAT(create_time,'%Y-%m-%d')=nowdate;





				 INSERT  INTO gjhf_day_sum(SIMH,GPST,RUN_TIME,PAD_RUN_TIME,org_id)

				 VALUES  (simh_v,nowdate,run_time,pad_run_time,org_id_v);

         

		set nowdate = DATE_ADD(nowdate,INTERVAL 1 DAY);  

		END WHILE;  

    

 UNTIL  b = 1

 END REPEAT;

CLOSE all_terminal;



END */$$
DELIMITER ;

/*Table structure for table `terminalandtower` */

DROP TABLE IF EXISTS `terminalandtower`;

/*!50001 DROP VIEW IF EXISTS `terminalandtower` */;
/*!50001 DROP TABLE IF EXISTS `terminalandtower` */;

/*!50001 CREATE TABLE  `terminalandtower`(
 `eq_id` int(11) ,
 `sn` varchar(45) ,
 `term_id` int(11) ,
 `people_id` int(11) ,
 `reach_date` datetime ,
 `tower_id` int(11) ,
 `name` varchar(16) ,
 `ratius` float ,
 `lat` double ,
 `lan` double ,
 `route_id` int(11) ,
 `route_relation_id` int(11) ,
 `route_name` varchar(128) ,
 `start_time` datetime ,
 `end_time` datetime ,
 `status` tinyint(4) 
)*/;

/*View structure for view terminalandtower */

/*!50001 DROP TABLE IF EXISTS `terminalandtower` */;
/*!50001 DROP VIEW IF EXISTS `terminalandtower` */;

/*!50001 CREATE ALGORITHM=UNDEFINED DEFINER=`root`@`192.168.1.152` SQL SECURITY DEFINER VIEW `terminalandtower` AS select `equipment`.`id` AS `eq_id`,`equipment`.`sn` AS `sn`,`equipment_assign`.`terminal_id` AS `term_id`,`route_relation`.`people_id` AS `people_id`,`route_relation`.`reach_date` AS `reach_date`,`tower`.`id` AS `tower_id`,`tower`.`name` AS `name`,`tower`.`ratius` AS `ratius`,`tower`.`lat` AS `lat`,`tower`.`lan` AS `lan`,`route_relation`.`route_id` AS `route_id`,`route_relation`.`id` AS `route_relation_id`,`route`.`name` AS `route_name`,`route`.`start_time` AS `start_time`,`route`.`end_time` AS `end_time`,`route`.`status` AS `status` from ((((`route_relation` join `equipment`) join `equipment_assign`) join `tower`) join `route`) where ((`equipment_assign`.`terminal_id` = `equipment`.`id`) and (`route_relation`.`people_id` = `equipment_assign`.`people_id`) and (`route_relation`.`tower_id` = `tower`.`id`) and (`equipment_assign`.`terminal_id` = `equipment`.`id`) and (`equipment_assign`.`people_id` = `route_relation`.`people_id`) and (`route`.`id` = `route_relation`.`route_id`)) order by `route_relation`.`route_id`,`tower`.`id` */;

/*!40101 SET SQL_MODE=@OLD_SQL_MODE */;
/*!40014 SET FOREIGN_KEY_CHECKS=@OLD_FOREIGN_KEY_CHECKS */;
/*!40014 SET UNIQUE_CHECKS=@OLD_UNIQUE_CHECKS */;
/*!40111 SET SQL_NOTES=@OLD_SQL_NOTES */;
